{
  "logistic_regression": {
    "classification_report": {
      "0": {
        "precision": 1.0,
        "recall": 0.5,
        "f1-score": 0.6666666666666666,
        "support": 2
      },
      "1": {
        "precision": 0.875,
        "recall": 1.0,
        "f1-score": 0.9333333333333333,
        "support": 7
      },
      "accuracy": 0.8888888888888888,
      "macro avg": {
        "precision": 0.9375,
        "recall": 0.75,
        "f1-score": 0.8,
        "support": 9
      },
      "weighted avg": {
        "precision": 0.9027777777777778,
        "recall": 0.8888888888888888,
        "f1-score": 0.874074074074074,
        "support": 9
      }
    },
    "roc_auc": 1.0
  },
  "random_forest": {
    "classification_report": {
      "0": {
        "precision": 1.0,
        "recall": 0.5,
        "f1-score": 0.6666666666666666,
        "support": 2
      },
      "1": {
        "precision": 0.875,
        "recall": 1.0,
        "f1-score": 0.9333333333333333,
        "support": 7
      },
      "accuracy": 0.8888888888888888,
      "macro avg": {
        "precision": 0.9375,
        "recall": 0.75,
        "f1-score": 0.8,
        "support": 9
      },
      "weighted avg": {
        "precision": 0.9027777777777778,
        "recall": 0.8888888888888888,
        "f1-score": 0.874074074074074,
        "support": 9
      }
    },
    "roc_auc": 0.9285714285714286
  },
  "pca_explained_variance_ratio": [
    0.3246520744593987,
    0.3072225142911369
  ]
}