feature,importance
gdp_pc_z,0.4863110155020992
aged_65plus_z,0.21199919210114304
ppi_z,0.16818607113063144
health_cov_z,0.0793226081441047
cluster_id,0.05418111312202171
